ProcessID,START,COMPLETE
P00301_01,0,0
P00145_01,141,141
P00108,73,70
P00202,49,16
P00133,31,24
P00140,1748,1743
P00269_01,1444,1438
P00144_01,21,21
P00250_03,552,551
P00180,106,83
P00006,49,49
P00007_02,0,0
P00116_03,657,657
P00204,2002,1992
P00025_02,4,0
P00128_01,4,3
P00157,39,38
P00113_02,0,0
P00225,8,8
P00113_03,0,0
P00140_02,0,0
P00164,0,0
P00113_01,0,0
P00091,118,108
P00195,9,6
P00002_03,0,0
P00075,124,116
P00159,14,13
P00304,0,0
P00112_01,12,5
P00011_01,6,5
P00249_01,0,0
P00038_01,21,14
P00072,5,0
P00019_03,205,195
P00203,740,739
P00136_02,14,14
P00185,7,7
P00165_01,85,84
P00220,718,718
P00229_01,9,0
P00020,11,6
P00239_01,328,328
P00013,38,32
P00017_04,28,28
P00002_02,9,8
P00250_02,14,14
P00242_02,12,11
P00176,5,2
P00011_02,3,3
P00138,7,7
P00024_01,0,0
P00297,489,481
P00105_02,5,5
P00152_04,7,5
P00335,0,0
P00023_01,24,24
P00148_06,10,10
P00017_02,25,10
P00014_03,4,2
P00282,84,57
P00112_04,27,25
P00093_01,7,7
P00002_04,9,8
P00042,0,0
P00002_01,15,9
P00149,1,1
P00242_01,10,4
P00099_01,7,5
P00168_01,23,0
P00017_01,7,7
P00166,20,14
P00230_01,283,281
P00112_03,45,45
P00230_02,270,270
P00130_01,8,8
P00002_07,9,6
P00118_01,2,2
P00021_01,6,4
P00109_01,6,6
P00281_01,40,40
P00278,31,30
P00093_02,8,5
P00027_01,6,4
P00048_01,5,3
P00017_05,2,2
P00302_02,16,5
P00252,34,32
P00277_01,7,7
P00268,15,7
P00018_03,4,4
P00196,8,8
P00197,8,8
P00200_01,42,40
P00017_03,7,6
P00112_02,16,16
P00099_02,10,8
P00177_01,2,2
P00283,24,24
P00147,2,2
P00008,0,0
P00027_02,2,1
P00244,1,1
P00274,225,222
P00154,2,2
P00207,21,21
P00018_02,8,8
P00037,19,8
P00014_04,4,2
P00002_06,7,7
P00002_05,7,7
P00069_01,2,2
P00277_02,6,6
P00131_02,2,2
P00062_01,0,0
P00162_01,10,9
P00232_02,140,138
P00209_01,28,28
P00093_05,2,2
P00210,0,0
P00192,5,0
P00015_03,4,0
P00276_10,4,4
P00153_01,1,1
P00092_01,1,1
P00012_03,0,0
P00232_03,109,106
P00276_01,15,15
P00271,8,0
P00284,2,2
P00200_02,21,21
P00294,77,76
P00165_02,9,9
P00151,2,2
P00253_03,44,44
P00087_01,0,0
P00223,36,36
P00211_01,0,0
P00177_02,2,2
P00029_02,1,1
P00130_02,0,0
P00232_11,30,30
P00096,0,0
P00246,1,1
P00015_01,4,1
P00239_02,1,1
P00105_01,0,0
P00155,2,2
P00276_11,3,3
P00222,14,14
P00057,3,1
P00253_01,16,16
P00227_01,2,2
P00200_03,13,13
P00247,9,9
P00172,2,2
P00230_03,7,5
P00232_12,30,30
P00232_06,30,30
P00232_04,30,30
P00232_07,30,30
P00232_08,30,30
P00270,2,2
P00285,12,7
P00276_05,1,1
P00232_05,30,30
P00276_03,2,2
P00141,2,2
P00255,7,6
P00237,10,7
P00254_01,8,7
P00015_02,1,1
P00018_01,1,1
P00240_04,0,0
P00254_02,8,7
P00286,7,6
P00245_05,3,3
P00015_04,1,1
P00097,1,1
P00245_04,14,14
P00276_12,3,3
P00232_09,15,15
P00226_01,3,3
P00257_01,1,0
P00226_02,3,3
P00318,8,4
P00257_02,3,0
P00245_01,3,3
P00280,0,0
P00232_10,16,15
P00319,6,3
P00276_06,1,1
P00276_07,1,1
P00276_08,1,1
P00094,1,1
P00245_06,10,10
P00098,1,1
P00086,1,0
P00245_07,13,13
P00162_02,1,1
P00276_13,1,1
P00245_08,5,5
P00182_01,0,0
P00245_09,10,10
P00245_03,4,4
P00333,1,1
P00245_02,4,4
P00276_02,1,1
P00276_04,1,1
P00306_02,1,1
P00306_01,1,1
P00306_03,1,1
P00232_01,6,6
P00276_09,1,1
P00253_02,3,3
P00090,0,0
P00182_03,0,0
P00258_01,2,1
P00259_01,1,0
P00258_02,2,1
P00226_03,2,2
P00260,1,1
P00320,1,1
P00245_10,0,0
P00259_02,2,0
P00262,1,1
P00065_03,0,0
P00065_04,0,0
P00065_05,0,0
BlankProcess1,0,0
